original_commit	english_commit
82099e1870c185e14085e9698947167d33785f6e	24a2dfc903aa817f53c979b3dcb6a68e417e4258
461f5c7a3ec4db47ee6042922da5eac2cf0bcb51	2af9e7dfb66860d34ad38237e5d6888a93b719ba
8b33c48f1fb5bdfee7d9eac9d6864d94139a4cdf	4ca7e55961263836c2101367b1fbe406e50a446f
deb31ed8a6c6ce5126954069e3d20cd7fc7926e1	9027006cd013f93bb050c5d49b0af4122696c4b6
ef584ab0098104db2f73aefacd16b7a106693d95	56f48c9da17172a438fd96fd618d9035f026ef0f
9d731753721113077db040dd4da7db78247f6673	07e9e10ec072b2d31db45d2b463069a6b3370039
6a26fc60d0e97329f74549c077b6224aca2cdfd7	8ccaae0e51a24d6917964f82308aa5fb954f7d48
a9ed84c742546b8f3f92b7f06514a3d23ff88a5e	a9812bcc07dc7c8ab4982a73a8d51c0d166efb0b
e55effddfbdf94914935b27c76ee2d9f962b0618	448f6509d0fd2833f49a27e9599cd28c776b73cf
904a54c69ee9eb1fd61e91cb062064fa6b8bcaec	3bcec2f70e5e581f41ad3feb28e9e494281ca9cf
b292a38663aaeb2c6b91f52305132366cc6d0d99	bb6c8ddf798f529458bcc8e071a8764b70d706b4
7c45ed80d4158245b99192897760e9df14a07d18	69195282b970941f48ff04147820ddb5085d90c9
ac5eb9cfdd19b0c8d07ab8db4bed373d20cdfff9	567212726d841c504a93591ec90acdfd8bb7f453
7f23d8167b4cecfb99d76b15f479dfc3812d3e8c	776e6f7ab82bb3b30895a1200bcb1f1896549860
12a6ade437baedd4e1c0800267f6ed16ae1bc8a7	ba05cb7534cbfa8f651968d393563fca5383f03b
00ca15adc07f8aeb471f8e88b7ebf41c17a59ace	3e136a2364617d99bf3439795e01d269a7ed64f0
8aad2e95cefd11bd3f9cb28271a947643a47e50d	6beaf9d1b3d23392d75518482dcdd2ce40eb20a6
43ec6bf3bd95e6097b6bbf0e71b3c58fad9818a7	b296d9959aa713190b22f2127182d0b2d5fa0622
9044612f4ab329ca27367a3f1e4cda99c93fb060	dae16cb559b645e1866b3d8ad6dcba60184074c5
4334925b67ba61a4b340385fe410f351fed727c1	78e9a126e0e373766122d72b6b4685bdce4c4f03
810730fabf20d02b7e42649c2228752226eaebb1	76948544e1588cdf33467e93617a2407fea66c9b
8af5f9491d5fe8467b9f99df12a5bd6525cde513	aa80ca1909ad263ed014675ee52e1437286875e8
6ace5a30dc74a8bf62bcd0ee394deb02cfc6d7cd	d585b6f2c6ac3d8ef39fa9d4f2e782081425179e
685d4f2040b1a85d4693d96c7eb8c955bdac288d	d4f75c622725364799221f901b92c90dfd254ab2
5f4b6d6ece4b8dfa1bb8f646187bae2d4226b006	e6f41c2b85296e0bc612198be3b77685a9546132
51eda626d1dfbf22788451a4d2bad07b27973c15	0ca633fd0b30ca470f37dd6391e7950476cb8642
496a182834bf5ac06dcd2218f8d2e220360d3de2	d1267362e33e79abcbc0e82329eede169c4ee86a
f47af4834ec55bc9e8741d3ad8eefdca74030f95	65e85ad9abb3bac3a0949939623156278c0484af
03a9be9bfe1642fc30ba11170de738ab8e36fdc7	dc1cc437715cba04b3694ef10a12c73d8f00c0f9
ac17547e1709db1b2021553ae6b8f2a543f32591	80e576cc5fe77402c44b34d99333766a839496cb
6290c613fc07354aab06f25a1e10dffaba60cc0f	a02c16648098b19c3162ff2373fcd9f422297c01
f1a871553b7992f044e2f83f70ae5fb8576c14da	c5193dd6ce213c8107b62771ba4fd8a9d7ecff8e
caa9d2365474f789b65065a837efe2637e48e50c	e2604629aec72d5cb9a47ede63d552ab22ec1062
64f4647dcfcba8890d45dc818aeb4cafdfd31148	5efdde78e20c6586e4da9afe0c97ad4de460041e
bc14d36c0383ddb506f30479bdaa4a395c2e5a3a	d199b2c3d7a076fd039677b697b6b84c6d9e83f0
dc4457728352fdec105e0e25128717f09d4d75ac	0767b842269172720798ddf1feaad30fe3509f0b
18c65fad1874c6403cf20e24596515b960991bea	90deda99c7d554dba4e7ac8cdbd9c3096a2a0a9b
fa4710bbe92a3a194313000bba0c1bc6a88964c7	b89653b8e01995821ae66b5cdc66376649fa0c69
82d870ba7192ceff6e7a40fccfb79466830fb912	d908f859986c5190026c928c0c9a37ef7760f5d9
94519d7b59c2c6268c7581641894b90632fd48ed	0c20e7c801553402d2d4a171ef45673390902c19
9ca25261cf85a297723d631a5c9c9c1b1a792ef3	70ad3d2995f868f04970ef1b3261c396e0aa6712
9b2d00f4a39742f7cb6adaaaef70d4c224d4346a	fce89af53a42516f136596de0a7b94ba1a2f2aac
a860311a94c042ef726bcd1146e5d9d74cab6199	ce400eba05dfd7907ff0d56565ca07c272f57574
00bd835f52e5147afcbfc8a88708ac6e0af1db20	391f6ef2db32085d283ed73550716d5ba54a0efe
fe7f5feb056fdf77cc81d8a10c06cf9d80edbb2c	8b6654bad41e86db7bc75907b2862ddbdb788e42
fc4f9f97312affa62c4c69255a04c68abac74ce0	debade8c583a01b6b2298bc45d469e7a8c519539
2344894fd4bae0aafe63f3200811b8c089282dd2	60abbc610095a9c24de52106184f423494b3e375
00eaeeb9eab574068f2e8e15f8e4c0818cbecf54	c767989a24d821eec504662b980c4f744c4d3f31
1a5d7a76f1a7bada8f198f3218765bc94d298a7b	f2d63231b5688acea5ae77b16f0be0c7ebe29525
c5d567c51284fc08a171cdc311acf54ec2db9f8c	eb4ca85540888daebbef1eeb0bd7fc8db835038c
268ec6d7904a7ce9ea40bc7b641395fcad6f5ef8	9fd7bbe4b092d27cccd715c61f9a5ce642942b40
71930b6b5caa88bb4808e5932270a84b54e75f60	b5cf46f7dc26afc52dbf2dcc80ca9c33aba2e3b0
63dea790c2bc8a9a0255b29e57a6e748d3f1938b	f2db5b62c6879f5bab649d8e75073ab2c7518a2e
72794eaf6dbcd728d77bedbb9e142b636c40d080	9d3bdd790175d96f184179682e441a631af2781f
767084b5b805677316dfe25e3cf82490123a1599	502882bd14c6d290f311795c1ade88fb3f88be9a
420157e229e0ac998e66e2796a8de22f3bb53b57	0bc7e6eefe9e1757647fd1cfe2b365bd141c2f11
96c79f9307e2e89925faa63c12d21c80017aafed	ee001cd7f39be42ab6f3615636997dabab89f1c0
3c62eadd060fb5188f925e97bbc5975348578752	53b3c9ab3c11b5d76841d18190e4a21fa5a1dabf
64c34ad2cc0acbf90ef0b7944b9861a7b4697793	24d098e99213aadc7244577879f4c8b39e8212e9
dc05b1d9cd2c17e72824bd2df52bf7eadd20d8a9	06d04603a49fe2c62f5e070bec1fe3e21a1a78f3
67332b6dbe16efcac40cf7bb416b62c0c5a19372	1a55b0b7bb1bcf189cbf70bf99bc618154e8906f
fe91704601948d8a9c302501b875212fad3e60d7	81a3970c5126e9148e66cd6fee5b62c5a865fa66
700880308c03deea8eaa4611f657e39bf46c304d	53f104908ec5b3a30a27777874852c3019dbcd20
458e947b021012b67ce8082f90b636d7361c1f58	7586042b69d6bf308350e02d90812d2f825fc54b
8c5c7cfdc7871dbc3fed4bf90e146a322c7faade	8a259c2aa606281ba91df55ecab4efee4df30627
dbebdcd90331a41e8fdfd0862932f64ea7ca0574	edc097bd1f08a732738795407330d60bfdf6192d
36e8577856a4f7f7d6d20a96c6cb56f5bf240e61	0691e0b7b5574c1dfed7a49f02635789982891e9
a3b63f78dd49d4d141d5e6257bba8da3a659c0be	e3aa91452bc95c4c9e7fc1f5f698de0df4ff7bec
86ef062e5bccbf1966cd63444776f8601b714a46	ec94090e5917191e262a5d208a614ff1bf30f4d1
7dae6d01364570085406d2dff698acc61a7d6a2f	4f5912f25d0ad8d2a8e3ac6e19f09cbc52d0e4a7
7e4243adb76ea9a31ba127c98fc14077dbb00a66	8e467591db2fca0e98d7cf66293e0ab207847c49
9d60711373bba2870059e15b82758385b937e0bd	0ba0ea6fd18ca4933a31d7d1ed126eaf939dc98c
5286e97d4392ede3a46dc2b4ca4306a58fef893d	7e8673d921890d69c8dd4b1ba9ebd20cff81ed63
d5d200827e1d86b5b82f00a3d2674522001d1643	a0c139601b43fa8a46d591f807f8829e1528c7e0
426b7811da04b26257b68e556e38c5b4f45110a3	d0f5f18076a140f45b0d5fc2452d7eeb50ddc832
e502a92a0a25c38fa4493d0d9e4f2904f74254a1	c92dd4d162e6d5ab6e943b4ec4f8c70cfa16c449
022764c66d100e2f235d7fa2c64a61589b12e13e	d2f8903e8217926c1e407035fda3f4e7080b9c75
9f87188f3b0ad2523abc7e975ae98e96db6f492b	6af9501b7bc12e2b18ac6017b6c894dadfc43626
4177b57738ef5f56a6699bbb5310342d32dadd68	4bf86f7be09c27bbee98a11825eb57704e4403b9
31d7ddee18921b4066c7433a752c2000e5110869	7196697ea40c9c303d059279c02f9e3d2218efd9
eb0918b2026190908e58c7c62cb95bb585abf194	dbce2b158628306dc6edbc0e0670693f83b459ea
a664e75a3ab3041d09cd0a1ab4d69336f2dcd055	de2b8832e87357571a0199076192020baf9e9fa8
44ca09eb8306e909986c6908c45dc104ccff475c	4a7f20af3e832c62434c959f4f93b53aae70b95c
e35cc181d885bde9d0c41bc8d196971c272a081c	04a6d87d54c213cf6bd094f23709366aa73af9f5
296313c6f9fcfd0d6348927b73e7a49578581b6c	75fa8a903b66328ad5912898db9080eee4d9f967
ceadc465fc2c57aaa52f910e78733da010f890b7	f74b28f6f10567849f2a25b41a80961f911246d6
2a37062dd885472edd36d114af87a0216b2c9773	1481e2903e228265b077bab9103e2fb654e4a911
63d4d48bb8d38c3a0fabe0c16dac57831df64b05	7310e4e3dc3459b8de42797b3f9ff7e747172111
186ebd75d744fc2db83a72b715d36d05dd923883	fb5cff68e23dc0cbca66503117bbbf314bd1b48f
d27356b1ee829f6168e6d6116e9bceacaabdb773	b3f0c9007a5aba49df6f5de69dfa96c97301703e
80fe5d4f0c449ccace1bacf53aa291de8070ab6c	8368c9d31e593d377206340fad1d1c5c7ad294c1
7a6c90e6c7f08c7073bee5b4e5d431c06f5545fe	bc1cc50c3620dc71b15c087b6575ce51683a8024
e87eb070c67b119cf9925243d45abdc344d66f45	1a5d8a239429e14e3bccf2e649b38704cc75f74a
8afa7793616d7ec7970c8e20f3b3092a24c3e82b	6e6c2235274ffd94541b0ad885099ea1e8dd462c
6cdb1eadc3fb06c3814d737fa0feeec627dded76	0653a6e93cf8ecec68b492c098a88c3e6287eadd
c600d66e927428be744f4aa7fdc05f78de5c0427	73be13aa42f257d6280dcf9f6a3d0b0d4bea7a91
df0e12010887d14454d99915afe9790325d973ae	eecbb161f7005da519c6c3b685f70674dc8866af
6b40abd98d46b878286bdc531021c6c4bd9dce50	0080f98946fc3040acc68cd9a093707882c27877
429cb1df4cdc774053e3102ed01d2bc640ba1909	eea21f1088cd22b89942987dacfc7a98618f57d7
5196cb1bc74f51f61ffaaa0e62cf580deed99294	98d54c1468fc890b25c7b5ac8a68d49e20240785
d38b6e113f08138dbb84eaa2f4c0fde82c26032d	bfe95e558d7b0035b33a101d1632e2ff62f9840a
85ada77f45e7ec8f65c358dd40ad869c7411eb53	3b52379f05faa47fb8b43e62d3df31273053a1d0
bcfa0e6cd201b914729505ffa74f8c55b3d11620	22e8ae20e1710b7f4caf172821eee4a16717b960
766dbe29313be505e67634c2abc5b0e6e31ed1f4	db18728cce639a99adff9f51a1bd4ebda1ab6ef7
a5b2a05fe26c32a462d1e9aa24848f9c0f65c0f5	221bfba3cb3cd2650ff2e4eea067f9cf0fb28251
b3f138bdb81b415e2bf3d2970f34ecf32673f1a8	0370dce7b32b5253c58411167936f3815a5820fb
c1a530e2a7acf89cff77c9c5c62bb48c42f64f67	3ee6f5cb09eb843cb3ad3b94913b38949ca40bb5
4960e9fc2295d02d9abdd624375d82340dcba7d4	b7f7beeb58e49668c374982372b19f7337a7ff6a
2320020012701afa4a3ffdee776cf2dc5810d651	b0d19d74809c7cec7e70de206a2a277e66634184
e1a8126a432981df40023628dd06feec7884d458	3200bd676ea4f71cd2687c90828259098a2a51ab
69710aa417b2f34967a0e23372d695cd11abed3f	f2cc14489be3932c9abaefd2fa8ec27be857f40b
ee781187153240bfe91621f91dbcce5c9efae786	19a80eac530ff39cf89f650a05ee50ca4406af97
22942ee0cac7ecb9b68b427ef0f78925711dae10	681985565726fdbcceef654e51dcc48ca9bf82cf
543f9d263fe9f5b858f2aa855a2364fa8da88744	16ec40d9437f5051f9fffbe142b8c38e12dcda59
fd21a63d9d714cf92befb4c2f0d4c7ad3cc11355	8ca319582c5ef3708b0ce75202fb2cf78d6f8c6a
7e9178ec1c74543f3591255b619ab34d33bc4e07	d2098bfe02eb7d7cfa595df76b1d68f2e520bff0
5d2d05130ffec29fa23c78988698622ffea7b3ce	69b1fec0045633273b20cf3b27c26a5366653e41
edb86f1120c4f0ff0f77068fb4f785f3b64a3885	ba80bc09e34780ee8dcfff6624daeeb4ee4ddf89
1d92bcd20d47548605b99850f9dfff434f0b938b	e242443d459872edf1beb0b4851a71377d034786
5a9d43034b1e18e2c50a35b1e3cb937c6d00f850	02ea5c34b4b35852eb0ce580a89fcad7c08e472c
3dd224d8f0a0bada836234f463449a00e5081a5d	3d8081b8f51980775501b99fd778c0b9ac78e96a
4526b7e1cc0745637a3dc74c55fd12fab480ffe8	25010dcc1c098f8cf6ee1daa5157e17c6111a938
a4f1968c8647f969c9c640bb32b2d8ff148b7a1d	cbcfaa6909eec90c746dc7c649cf291343a40065
b926789093c51c62ee742bfbe1cb0c3c43044035	c89985ba96d8a93c8fab9db143328bac256f56f8
ca6d92fa83494feeb9ea55840bfd4bca5f14629c	0ee9c122195150b9ae28b2bb94f87baad66f796b
326cbbb7d5cb365fadc9408fed2c8af311c46216	eab75e939782c1b016bf710fdf76b3cd42925f3b
06c3af3106e6669d788a2a718df01d12e0c51fb9	23363cfb2465a05a5e867f6f2ad4b441ba6824ae
e3eea899877165f8573befee3774555598ec92bd	7517239c6efc4ef63dbd6ee3867c0de1eec8ad8f
9c933d8da38b2e7b1968de55343bf27e0dc11c25	abf1ea70b627ac243181b9dd7bca94f7e047ac5e
e54dcd41d8f1e186007b62b47583063cb19a4b66	9ca6714e17c12dbe3f0e81056a03a781dbbfc8fd
7a584a3c1dc0a0589f6839eef23c755cf53320c6	86b9aa4ce9547702d73fb87d196c57732d5ee9c6
a31824b6452b722abb22cceecca9fd42c06838d8	050e1d12abdcd9458470ba957073e9d1b32c0e9c
1178a61a1bb325155d30c9b2341317986a0f6fcf	426cf0c17b9b1b2fd2c2da56bee3cb4ef0d22897
191c9db5e8667c56bd7f217455461a0feea0dec6	4f47bee0c9c6f4c129277cb3bcbeb869ef4ef716
f09cea4aa6e3e79d0326cbe46c185d8e6788edb5	1286bc186dab9621ad7af25d5c4b08b2dd4b68e0
7e42d3f2e849df97dd207ee7b9b7fdb30321ecf2	97580efad4af605a4e6483804613f7e000cbe8de
2fe42cc1d0b62757b74ef533b824aba0b2d7967f	d95dd455463f470244bea2932de04002c082f090
29d569ff63cd6e617f2b126e68df248d57c64999	42d6d2ffe989d6f4e89953e2cb9c09a7bb7a3a95
a94e9997c70eb921434fb065d64f6e58b76bce02	240fc3488561c8738ae990c06ad5601863ae9a31
1cef2c84c89a28c5998bcf6a837d66e12f17c735	977c2bb02d05eeffda432ef301719235ae8dc606
13334c6b18258b4af2bbb836d71373a2b07dfe7a	157412af9e7649fa9ff4eea3c22754aac8e4d779
8b1eff7df7d1b0f46527cb62c2e01c8f6cc8a2a2	cfd48de91a4b15018c848a7055c3ae28ffbeac08
9e361de60024c285b2f2d312657e98059c265c96	09097e92c8e5fda4dda42019863dc799696ea14c
d7e5d55e9ba9ef3eea7a8c6fa4c844c04332163f	fae625edfea1f908c4caa414ebae89c23ba86199
92726a6ef71de4ffc731f34d59202ca9dd266a3e	f2465f7a930410b2aaf4f8e5b44c4436f63a95e2
27a174900de27d91cf386ef50630a27dd5f23a53	7336b233e60a85a25de096d65f0906860e131e73
8ea35ecdf23f5eef2b009b8fc75289bdee5014dc	4a5253dc5f286a7ff4aceaed0a66e5b9d55ff05e
a258b545c104a9793f286fcfd884fc2f7d33fb7f	dc10598417f89d72e5990ece3338dff4f7a71b1a
b2622cad1314daf3cb6c97a40f8f3da16b90d325	6d0581db5c2443635c328871435619d1fa8c0982
b1e68352860e8ef2c1d3c6a0055a81509c0c87c4	93c1cbfad4f85cc27ee757a4dbfd879443f5ed6e
6906677dbb1f7915b3958045e68d28ffaec852c0	d9eb22294630629c3aea9ba6395d420503e383e2
73133a97ee68afcf6e9820ce7930644b2bb9ae48	4a7f42bd25ee67ddb34742f9853159d2e006aa7b
517c67339627c87def07c980f7928015dd06f08d	87b3b78bec9b61ea87b59dc5e6466704034fa97e
316c8aa6ca3e528b567ae386a942813b05ac678f	85a206fb39e640d1bf371bb0e40e83929baf5af4
2888623de006b9d5e7ae0390de525b3089ac3873	5bf03d0eae3e937667f6ca4118f94f545645c670
02046665faae3d071446b5a6e5fa5a8d45797b01	1967b430bddf009e39538d35d4372add8d5d7027
60a3b71b214268c35e394099f69cbca749ed6629	438156998a6d5e52e71d065774a2e4175aa4b83f
694c872434b541c3762f672514df5f6b291e72a9	d91693e78b8e6bc15dfeb8019bcfdf691f7715c0
4b86279a863f941cc282fa6cb772f7359fda585a	bbac223ad516014bee8b531292de68d3d84b574a
20aa655717aabad87289e70d4629c4188757470a	3fe302aa64af929a071737297b548ca234b842e8
84bafa37f57ac2fda6aa5c223f6930f4f0882a87	b32f454ac00563748eab3d3f1ae352edfe88bd4a
82c6c55159592db5cdb485549e933960863de185	a556e988e309fbbfde3cdc4c3dda8db7433b6ae8
785552be4fddc8fbbbcbffef7bcf69e65588ff8f	ed73febf31bf039bf1e09b5e83ef22fd56a5b5a2
7f42e3b294473ac72e6e472480431db397670806	7bcfed30cebc29e0f9f7134dac620889ae78393b
33b08bc6d80c94b4c8c7e64f8b644c4ded438903	3ef97e903255efec8f3d8213e7cdf1b401ff7ba2
6bb8b5a6ec41d6c3298ca56ddfd7dae240fef524	1385da288056b040b18c94d2e7a973d73861c235
8455aed2bcd9ac1739852be3987091a0975e7ac3	5c7183a3644dd250069ed362dc1adeeb7fb71cc6
17a1647758ceea5ebf637610ab2cdf91589c5218	4ecfe579df818fb8c5ac3da4369268ff68bff104
5256aa5e86614bd09eb9553076a04d2522ff38a4	d32baa76d2043c8e8642e07a10533280aceb8149
18e043f2ff7680683ca2d9b7aca2b82fbf4cdbeb	3692c4eed62e22f57a94573635890c8b61405cc4
3d6f2949c0e490bb89a1877782169a0771a0e5b1	90cad55d996a1e24b2b7296fad4c708afb7c62f7
0cedb8c1f3ee7ba8d4041151a5382d3b9e8abb4e	d2e03ee6fb11a1db4354247e4aea82803d1811a0
500a5e4476f0244bdded0195088d947e361a948e	1e086fae0e1ff0f928e428266bb476b34aea6c82
2914e8564047809659c4610d151f9ea6ceef7476	72217dd4a21978d8193688ad68745a4cf6f3ae1e
b4749dd06d7a491b624023bab3e41b43d36cb629	9f3fcfb9c756df0a881730e49a6c9e7d30b806bf
fbe80ad151bc7bf918852ad5f3fd8b37ba581244	050d4e8b7a34e2055bd90f9121b73fce360bd5d3
aa26d2c4f4396302b4b4f00394ada57a7b0e84b8	49b6739a11f5b9eae4b3ebd08f6167e3500a5a88
23932afc1577a0b20a6b1cf7ad23ab8ac6186571	3f2387f0daf8fb4e6e5329044babff9aa47654dc
4f99eb24d29d3eef20cf989e6254fc68c0644747	a2cce173931612979304f913c9e918aae8cb8ac4
8d00a29e10810c79bb5b44bdc006dc021e26637b	ab0e206ffeaa606f475bdfab9c6fef4e1bf22511
6925b73727f84871a02d1d8c33edaf2094e151fa	fc87b1dfb587b0a219f6ce053b542db59061a9c1
c9492f80969d59897480f138b780dc8c1d83ec62	bf774449d502146292f0d66273e35d7e89669194
668f2220ac19cc29548d1c19feac4849b6128114	bf0e6d854d26a26fe72850a2e438c76da0e50159
d8d8c20fc71e3bd8bb813afecc6a4aa1af4a63f4	05ff6934b8a6911f4a932f6fe92dd878883bf387
8d27348d995a434ae3dbf8255e1110973dec1381	eaba7100905229f6f908949b3d24c093d6cd4a09
78e6af69a5454e27325e4183d1167c2c3769c824	7d22986af0b88487145154661df9a8f175cd2387
6e60faacbe039cd21c04e5aa4d514ea5765e2ba3	222f9af52a0b4fe2c3d1e391c1ba5a958a9d5dee
854ae228e44dcf4b0228237f72ab3efee5ae850e	5e75648fed4192a5e668ce885c5bb4313e5ba6c6
3a718cd9cec09404cec1a9e026edb9cc42cd449f	350f5319c02240b3b6e219d0245376fe64c0640f
6acc9de6df4a27c03f5a4f03bfd960cc1f85b9e2	ffea07b97ce58dc5f7626be22b55ea77ebd388d0
729ad1a9310cde3c95891a2293c5211ffaa214d9	d3f6ccf3d0dcf1f1329d72477c6c5100a4817027
e7e9f4d18a8744f962d3a1eef9a6a6c5e2d4d423	110e12ee6a806bd8f5e3e1e45a9e6103c5cda1d2
5648958d4c6a8ed690a6ea074b59f9bc221ef972	5c8066d7ca49338d3f4c247c1a54be00cbe2f838
b37938930487beb70ae1e0aacfbd18646e4baf88	731c2d83406368bbc6f4d91fb93648f15b1613ae
3572741f21a01a29d2e7e03dcf2d88c1476147eb	d962975acd25c56587f6a03cecd67303931bc1a0
c62f14d7e28a2f63394a60d9b702cc03e85de6f1	82afcb799ae7fd8facb04be7c7874c5004133320
6614e42ceed5b46ea7143a343441f6c3e5e33617	e9f37d437398493c627f86ac7125d64bfae26442
33352619a919b7f6142debb14a9822a4464fe336	a5201532b38c244b1764ac10b19910c8db6e9bda
53ceed8d060b5f7ebca12a716e55c689f895dfd4	685267939b5112d8e71c3742a039c3988513088a
bf6b26e1cabe61b6e621a91b5455b3f036f43075	c02e3e0cf16841652b28159802b4573a7427f0a7
ed85bfaa167533ae898fa1e40aefc18c2d572227	57fa5efbf61a9c5ac43384e928caa57c556ba014
45bf9feaf56a38a15e551a4a884b8e8cb833375f	ad823357fec21be5b35bfde1949503fb2ae57334
75b81ebed655693844ae417bb7d501a1b12a4387	405822f7236bed81403f64ca4d8d30283ece8a4f
fd11f96d98eb987a89546f81fed9dc76c509b65d	5bede0a29a3b42aafa083958a496784f837f004b
77f09112f1d868a79368037b3c650480bb85c442	9102a75ddcc11911b83b3bdaf4e683bdda928faa
49b48799c7180cbf1ececbd5aba588344d9ab351	2f4f007cce7b5f5ea45073a85526f58c3c387b9d
2229b9ac9ad4ef9d85b08dec3c2a43c3d321bd63	43d4ef37211999a5647c624e224860c9911a2a57
fedec201e2f71df8042088fd3caeed50519a497b	e0bfdf82e529c2c4edc8864681cc64065b1bca68
d7e2dfd25c15a1e9f42d3f4e0227e4552f89203d	048dd8a5579e0fbd2b08c869e6c926e85de19b9a
9ee0f0114a8e407257864175eb354037e38a8451	f3baabf199bc46d951112392ec425b04294be30e
8167165a5a707bbb51a29fd1aa1047f387c9e9d3	b784a93c06bc9d8dbdac5ff540a794a8f922c3e7
06e5a9108be9afdfb9b5b68fc112ad08a600af8d	5af8ab750f3820d61438e02bd960b8c99aa4496e
121836157a720dbd5e2009d04c3ebe76a129d3fc	8207e0e0225c2f647e7a2cb269ae87a603bb21bf
e0bc49e3e6c8c3fbfdc26e0c5ec541f87f17d708	fb60a41becb78fc4e3bf45452172abe7f3a38e57
d27816be3e919b8183abe04b7f7ca4f457046231	1020cf2f181c45701d9aad51f68ec9af37cfb6b1
63b05ca8c4b6977677b01db957b550f83393926a	a81c2195ee64e7bceb65c9c42948dfc50fc8b3a0
44d6d1b4ed05c13637122047d552e1e4fa6781cd	48448fc9462c4afb093755803515405869351235
b5226d07a8abca1c2a1b7eaee4de71eb19cf770d	312bf4e421999de54e25b370a3c3ffc1c3da49ea
93766bbc6191fb35d5a09547063293255f485104	4fe5b19815d4824259ef6b6b4bb93b018b8d2439
ed9b5da08efadac41e9e3f9ead1f3c4c2e00442c	0ab104e51bb427554dc326f2c01a6d027ebaf4e3
029e472eb9a5a66437e3caffdcada8158f41d2b4	eab06dfb04bbd8498834ebb41372914ff01865a0
746d130c146e483b17bf4bc5f21e80fc0575f1fb	9eefbbd7e8e535fe697d0e57e17da0be54b48257
0c50d42d64ea3c292d086cec83d60de5c9da7bf2	216dc463f629435dc797fd1452fbfa4ae07c922f
4bf9f872e9b10c1ddcba7f4fa4d9b70c2d86a425	47fa9be9b52b485a4b82d5ad77365e0a09508cac
4487ac1eb20672b8136aba186e8392fafa38ebca	8dae210a94c192a635e9966cad9dc3f4aabc4ab8
b2dea33aeccb40d3a344aeaa50aa6bd3c8e354ac	5d1fd8fb556a112d5783fc2e27a2f1c99b4b19ba
32c085f53955c5b63a2253eefa57e7504b2cec35	ae3fd90246907287f06e88da888572566dbeb15d
6e33c3714c1c8d563e5559f9be9e6d66786be3e8	ebf83c189e7aee99aa6cef0460cd548a57d68c78
ccf7a0cc4d4c4a3a1b3c040473ab2cbc069a1982	054e58c29e2333dec60fe1a777cc8fb3878ae887
af830f5d188e7fc8a8fff8ff329bcbbe56a86464	17f84227a22f2724a7379e571887ddc25770592c
3c744e29235c78d21f8e6fc18bdae766eac9328b	cad2387c2801b218e7184024d127b95e112d35e7
d8e03491b7bcb60a768a17e6351d607f9c1ffee7	2cc4240bd3d95d12caf36a6261b3334977a34816
62f0d490408416bf11c36682bbd7ed441455af6f	b165336dbaa87fca7daf092ecf13b92c22d37047
ddf4837a50b1dda60bde3a0e2a0f95ed80375440	aec995695af95f00da2ae9c342480f390282a427
98620834109bcfae18461b742d8a621692a8a8d0	4592d082c9848d12d1f7495dc245ae1255e4e93e
5ccf9d40d87c6f7f89265deb831a404ddcf2b1eb	307aebf8dd5abe3e97b59a90546c231afb9c6c59
73520b2e514e00eafb0cbaac96cca4932732b67b	25c8bc7c4176726825ce26f3e35afda15aa7d5f5
a394009f419475cc1718892ba8e889feb95d031a	b2cfe568c8f0f792c1e1dd18e6028c1d6b4b3ee7
f74881a3e41a38527df75580ba196b61bc1a4623	591f2a6b8ec4013ecd77a928c1b318e8488aaea5
82611f8b23849f3cc473dc538dacabd49fbc20d4	987e0e84a936eaacb3d875b0c0bd96136892e043
00e010ba8466b6ffc78ba603f5c923174b3d12af	bbe5755e75d14b466fadd143a28733500e58d5fc
9059663fcb3883691091d91ed40772212f41ba31	588bfca381bf87222ec1e07f10bbb384d2ebc6fc
040bcbdf148e2431fceb12e13dd9854b8afd9aba	5fc4e0367a6d62aaeb4fd27d65935083db07fda2
cb315f5273e909d5a3c8cb0bf622c2ba3f15d086	fb6c53bebad8e7b4c4303d98709ba8e57e1c3b75
edb8f896d4d8be9d44c01a11569f0e9a37bc5062	ae58d311c8d5d75ba5d6abe692a5478cd9a876e6
5e68ebf5c97468ef09e4652ea7676e7de30b0c0f	445fb3845d6474143b8345e69656ac9b7c8200ee
1e78a7406befc0bae4c8bc3ec82fc4b2e17ecd68	588be25849694a2a4887aa2799f4360ffe21b875
01613652687c349c485c0e349257f89ad9e504ee	afe6a425eb80b45f1fc223e3990c88ff36bb869b
620a9b13858eba5afa68039cd3c2ce9a91e66c4f	28bf2b4d0d2cbaf746410d4405137959f1e0b753
2ce3967f4932bc5f64adccc76198d827679703dc	3134fca039ebdf41ddc58b426908e8b064566f60
53b51e703403d9355cb324a61cae84e0099646a7	558cffab86b2a149541195b9d3b6b0bc69ac90a3
3fd442ffa7e7f590f1094f47c800f5e1d17d454d	1c78a8a6fd0a2fa9c72d0fb5cc6df25f8a204502
d744bd77180e8baeb6b31d07d844b62b9810e002	9353b46578ad66ca0a3e851a57ed013331b2c5d8
100a6f845e619f95d2f112d2adc5637fdf00801f	de6fde63094ebcd068e5df9710e2eedcb67a4377
21a3b3abb3f21a4ba3afc72443d13ff02593a785	82afd579deb72db20ce62830f929a24d094ab4e1
03ed3683f15aaf52eb43811b8363b68cb6c1c8a0	ed693237287656b4d5a0d27b5b1eddcd37e112f1
fcff75bf1cbc634cb7c2b84a6fac7d37f57b9910	7e4b1248e3aa7f55e18f54dda78eed6f71e799af
f38954d543ff01eb5a798be48f29060b80d5952c	9d98bf8f15944b7bda4fbd4096e7771b09eab728
138477d732cfbfbc599e7482321b7b815ab0f99a	bb0591e40f95c7433758e30bbc56bfb0f0bc1d66
21d190f60619f12a7487a679623dc7959224d0f8	206a944491acfa9fa4843ced06103427e13054aa
